trip_id,start_stop_id,arrival_time,departure_time,stop_sequence_x,stop_lat,stop_lon,route_id,direction_id,stop_sequence_y,speed_kmh,segment_max_speed_kmh,runtime_sec,segment_id,end_stop_id,distance_m
0-25-003-3452.2.21:191400-44-189_C79F9340-8B4E-4B47-BA80-B07D01552980,2360,1900-01-01 19:15:00,1900-01-01 19:15:00,2,51.167915,7.081023,300025,0,30,4.0,4.0,360.0,2360 - 3452,3452,441.486549887895
0-25-003-3452.2.21:191400-44-189_C79F9340-8B4E-4B47-BA80-B07D01552980,2360,1900-01-01 19:15:00,1900-01-01 19:15:00,2,51.167915,7.081023,300025,0,34,4.0,4.0,360.0,2360 - 3452,3452,441.486549887895
0-25-003-3452.2.21:191400-44-189_C79F9340-8B4E-4B47-BA80-B07D01552980,2360,1900-01-01 19:15:00,1900-01-01 19:15:00,2,51.167915,7.081023,300025,0,51,4.0,4.0,360.0,2360 - 3452,3452,441.486549887895
0-25-003-3452.2.21:191400-44-189_C79F9340-8B4E-4B47-BA80-B07D01552980,8956,1900-01-01 19:16:00,1900-01-01 19:16:00,3,51.163758,7.07951,300025,0,29,29.0,29.0,60.0,8956 - 2360,2360,479.042020970192
0-25-003-3452.2.21:191400-44-189_C79F9340-8B4E-4B47-BA80-B07D01552980,8956,1900-01-01 19:16:00,1900-01-01 19:16:00,3,51.163758,7.07951,300025,0,33,29.0,29.0,60.0,8956 - 2360,2360,479.042020970192
0-25-003-3452.2.21:191400-44-189_C79F9340-8B4E-4B47-BA80-B07D01552980,8956,1900-01-01 19:16:00,1900-01-01 19:16:00,3,51.163758,7.07951,300025,0,50,29.0,29.0,60.0,8956 - 2360,2360,479.042020970192
0-25-003-3452.2.21:191400-44-189_C79F9340-8B4E-4B47-BA80-B07D01552980,3451,1900-01-01 19:17:00,1900-01-01 19:17:00,4,51.161681,7.077661,300025,0,28,16.0,16.0,60.0,3451 - 8956,8956,266.526276167597
0-25-003-3452.2.21:191400-44-189_C79F9340-8B4E-4B47-BA80-B07D01552980,3451,1900-01-01 19:17:00,1900-01-01 19:17:00,4,51.161681,7.077661,300025,0,32,16.0,16.0,60.0,3451 - 8956,8956,266.526276167597
0-25-003-3452.2.21:191400-44-189_C79F9340-8B4E-4B47-BA80-B07D01552980,3451,1900-01-01 19:17:00,1900-01-01 19:17:00,4,51.161681,7.077661,300025,0,49,16.0,16.0,60.0,3451 - 8956,8956,266.526276167597
0-25-003-3452.2.21:191400-44-189_C79F9340-8B4E-4B47-BA80-B07D01552980,7772,1900-01-01 19:18:00,1900-01-01 19:18:00,5,51.158978,7.074396,300025,0,27,32.0,32.0,60.0,7772 - 3451,3451,539.092369547655
0-25-003-3452.2.21:191400-44-189_C79F9340-8B4E-4B47-BA80-B07D01552980,7772,1900-01-01 19:18:00,1900-01-01 19:18:00,5,51.158978,7.074396,300025,0,31,32.0,32.0,60.0,7772 - 3451,3451,539.092369547655
0-25-003-3452.2.21:191400-44-189_C79F9340-8B4E-4B47-BA80-B07D01552980,7772,1900-01-01 19:18:00,1900-01-01 19:18:00,5,51.158978,7.074396,300025,0,48,32.0,32.0,60.0,7772 - 3451,3451,539.09236954761
0-25-003-3452.2.21:191400-44-189_C79F9340-8B4E-4B47-BA80-B07D01552980,5297,1900-01-01 19:19:00,1900-01-01 19:19:00,6,51.156805,7.0702,300025,0,26,23.0,23.0,60.0,5297 - 7772,7772,384.3438395394
0-25-003-3452.2.21:191400-44-189_C79F9340-8B4E-4B47-BA80-B07D01552980,5297,1900-01-01 19:19:00,1900-01-01 19:19:00,6,51.156805,7.0702,300025,0,30,23.0,23.0,60.0,5297 - 7772,7772,384.3438395394
0-25-003-3452.2.21:191400-44-189_C79F9340-8B4E-4B47-BA80-B07D01552980,5297,1900-01-01 19:19:00,1900-01-01 19:19:00,6,51.156805,7.0702,300025,0,47,23.0,23.0,60.0,5297 - 7772,7772,384.343839539445
0-25-003-3452.2.21:191400-44-189_C79F9340-8B4E-4B47-BA80-B07D01552980,3450,1900-01-01 19:20:00,1900-01-01 19:20:00,7,51.15429,7.066125,300025,0,25,24.0,24.0,60.0,3450 - 5297,5297,399.464782069137
0-25-003-3452.2.21:191400-44-189_C79F9340-8B4E-4B47-BA80-B07D01552980,3450,1900-01-01 19:20:00,1900-01-01 19:20:00,7,51.15429,7.066125,300025,0,29,24.0,24.0,60.0,3450 - 5297,5297,399.464782069137
0-25-003-3452.2.21:191400-44-189_C79F9340-8B4E-4B47-BA80-B07D01552980,3450,1900-01-01 19:20:00,1900-01-01 19:20:00,7,51.15429,7.066125,300025,0,46,24.0,24.0,60.0,3450 - 5297,5297,399.464782069137
0-25-003-3452.2.21:191400-44-189_C79F9340-8B4E-4B47-BA80-B07D01552980,3449,1900-01-01 19:22:00,1900-01-01 19:22:00,8,51.151736,7.055332,300025,0,24,51.0,51.0,60.0,3449 - 3450,3450,851.287041424288
0-25-003-3452.2.21:191400-44-189_C79F9340-8B4E-4B47-BA80-B07D01552980,3449,1900-01-01 19:22:00,1900-01-01 19:22:00,8,51.151736,7.055332,300025,0,28,51.0,51.0,60.0,3449 - 3450,3450,851.287041424288
0-25-003-3452.2.21:191400-44-189_C79F9340-8B4E-4B47-BA80-B07D01552980,3449,1900-01-01 19:22:00,1900-01-01 19:22:00,8,51.151736,7.055332,300025,0,45,51.0,51.0,60.0,3449 - 3450,3450,851.490982827388
0-25-003-3452.2.21:191400-44-189_C79F9340-8B4E-4B47-BA80-B07D01552980,2636,1900-01-01 19:23:00,1900-01-01 19:23:00,9,51.150643,7.050905,300025,0,23,55.0,55.0,60.0,2636 - 3449,3449,912.779498051385
0-25-003-3452.2.21:191400-44-189_C79F9340-8B4E-4B47-BA80-B07D01552980,2636,1900-01-01 19:23:00,1900-01-01 19:23:00,9,51.150643,7.050905,300025,0,27,55.0,55.0,60.0,2636 - 3449,3449,912.779498051385
0-25-003-3452.2.21:191400-44-189_C79F9340-8B4E-4B47-BA80-B07D01552980,2636,1900-01-01 19:23:00,1900-01-01 19:23:00,9,51.150643,7.050905,300025,0,44,55.0,55.0,60.0,2636 - 3449,3449,913.001941033586
0-25-003-3452.2.21:191400-44-189_C79F9340-8B4E-4B47-BA80-B07D01552980,3448,1900-01-01 19:24:00,1900-01-01 19:24:00,10,51.148841,7.045405,300025,0,22,26.0,26.0,60.0,3448 - 2636,2636,434.143606516225
0-25-003-3452.2.21:191400-44-189_C79F9340-8B4E-4B47-BA80-B07D01552980,3448,1900-01-01 19:24:00,1900-01-01 19:24:00,10,51.148841,7.045405,300025,0,26,26.0,26.0,60.0,3448 - 2636,2636,434.143606516225
0-25-003-3452.2.21:191400-44-189_C79F9340-8B4E-4B47-BA80-B07D01552980,3448,1900-01-01 19:24:00,1900-01-01 19:24:00,10,51.148841,7.045405,300025,0,43,26.0,26.0,60.0,3448 - 2636,2636,434.143606516225
0-25-003-3452.2.21:191400-44-189_C79F9340-8B4E-4B47-BA80-B07D01552980,3447,1900-01-01 19:26:00,1900-01-01 19:26:00,11,51.14615,7.02951,300025,0,21,37.0,37.0,120.0,3447 - 3448,3448,1232.55160164694
0-25-003-3452.2.21:191400-44-189_C79F9340-8B4E-4B47-BA80-B07D01552980,3447,1900-01-01 19:26:00,1900-01-01 19:26:00,11,51.14615,7.02951,300025,0,25,37.0,37.0,120.0,3447 - 3448,3448,1232.55160164694
0-25-003-3452.2.21:191400-44-189_C79F9340-8B4E-4B47-BA80-B07D01552980,3447,1900-01-01 19:26:00,1900-01-01 19:26:00,11,51.14615,7.02951,300025,0,42,37.0,37.0,120.0,3447 - 3448,3448,1233.84080578064
0-25-003-3452.2.21:191400-44-189_C79F9340-8B4E-4B47-BA80-B07D01552980,3446,1900-01-01 19:27:00,1900-01-01 19:27:00,12,51.14266,7.027789,300025,0,20,23.0,23.0,60.0,3446 - 3447,3447,379.568641388849
0-25-003-3452.2.21:191400-44-189_C79F9340-8B4E-4B47-BA80-B07D01552980,3446,1900-01-01 19:27:00,1900-01-01 19:27:00,12,51.14266,7.027789,300025,0,24,23.0,23.0,60.0,3446 - 3447,3447,379.568641388849
0-25-003-3452.2.21:191400-44-189_C79F9340-8B4E-4B47-BA80-B07D01552980,3446,1900-01-01 19:27:00,1900-01-01 19:27:00,12,51.14266,7.027789,300025,0,41,23.0,23.0,60.0,3446 - 3447,3447,378.178270812283
0-25-003-3452.2.21:191400-44-189_C79F9340-8B4E-4B47-BA80-B07D01552980,3445,1900-01-01 19:28:00,1900-01-01 19:28:00,13,51.139561,7.026491,300025,0,19,24.0,24.0,60.0,3445 - 3446,3446,393.30212628616
0-25-003-3452.2.21:191400-44-189_C79F9340-8B4E-4B47-BA80-B07D01552980,3445,1900-01-01 19:28:00,1900-01-01 19:28:00,13,51.139561,7.026491,300025,0,23,24.0,24.0,60.0,3445 - 3446,3446,393.30212628616
0-25-003-3452.2.21:191400-44-189_C79F9340-8B4E-4B47-BA80-B07D01552980,3445,1900-01-01 19:28:00,1900-01-01 19:28:00,13,51.139561,7.026491,300025,0,40,24.0,24.0,60.0,3445 - 3446,3446,392.425645007312
0-25-003-3452.2.21:191400-44-189_C79F9340-8B4E-4B47-BA80-B07D01552980,3444,1900-01-01 19:29:00,1900-01-01 19:29:00,14,51.131395,7.025896,300025,0,18,47.3,57.0,80.0,3444 - 3445,3445,943.854689820345
0-25-003-3452.2.21:191400-44-189_C79F9340-8B4E-4B47-BA80-B07D01552980,3444,1900-01-01 19:29:00,1900-01-01 19:29:00,14,51.131395,7.025896,300025,0,22,47.3,57.0,80.0,3444 - 3445,3445,943.854689820345
0-25-003-3452.2.21:191400-44-189_C79F9340-8B4E-4B47-BA80-B07D01552980,3444,1900-01-01 19:29:00,1900-01-01 19:29:00,14,51.131395,7.025896,300025,0,39,47.3,57.0,80.0,3444 - 3445,3445,943.441176827161
0-25-003-3452.2.21:191400-44-189_C79F9340-8B4E-4B47-BA80-B07D01552980,3522,1900-01-01 19:30:00,1900-01-01 19:30:00,15,51.127984,7.022263,300025,0,17,28.0,28.0,60.0,3522 - 3444,3444,466.84504548236
0-25-003-3452.2.21:191400-44-189_C79F9340-8B4E-4B47-BA80-B07D01552980,3522,1900-01-01 19:30:00,1900-01-01 19:30:00,15,51.127984,7.022263,300025,0,21,28.0,28.0,60.0,3522 - 3444,3444,466.84504548236
0-25-003-3452.2.21:191400-44-189_C79F9340-8B4E-4B47-BA80-B07D01552980,3522,1900-01-01 19:30:00,1900-01-01 19:30:00,15,51.127984,7.022263,300025,0,38,28.0,28.0,60.0,3522 - 3444,3444,466.84504548236
0-25-003-3452.2.21:191400-44-189_C79F9340-8B4E-4B47-BA80-B07D01552980,3521,1900-01-01 19:31:00,1900-01-01 19:31:00,16,51.124945,7.017196,300025,0,16,30.0,30.0,60.0,3521 - 3522,3522,493.253115443029
0-25-003-3452.2.21:191400-44-189_C79F9340-8B4E-4B47-BA80-B07D01552980,3521,1900-01-01 19:31:00,1900-01-01 19:31:00,16,51.124945,7.017196,300025,0,20,30.0,30.0,60.0,3521 - 3522,3522,493.253115443029
0-25-003-3452.2.21:191400-44-189_C79F9340-8B4E-4B47-BA80-B07D01552980,3521,1900-01-01 19:31:00,1900-01-01 19:31:00,16,51.124945,7.017196,300025,0,37,30.0,30.0,60.0,3521 - 3522,3522,493.253115443029
0-25-003-3452.2.21:191400-44-189_C79F9340-8B4E-4B47-BA80-B07D01552980,3520,1900-01-01 19:32:00,1900-01-01 19:32:00,17,51.117615,7.014579,300025,0,15,52.0,52.0,60.0,3520 - 3521,3521,874.541158058258
0-25-003-3452.2.21:191400-44-189_C79F9340-8B4E-4B47-BA80-B07D01552980,3520,1900-01-01 19:32:00,1900-01-01 19:32:00,17,51.117615,7.014579,300025,0,19,52.0,52.0,60.0,3520 - 3521,3521,874.541158058258
0-25-003-3452.2.21:191400-44-189_C79F9340-8B4E-4B47-BA80-B07D01552980,3520,1900-01-01 19:32:00,1900-01-01 19:32:00,17,51.117615,7.014579,300025,0,36,52.0,52.0,60.0,3520 - 3521,3521,874.541158058258
0-25-003-3452.2.21:191400-44-189_C79F9340-8B4E-4B47-BA80-B07D01552980,3519,1900-01-01 19:33:00,1900-01-01 19:33:00,18,51.109506,7.012559,300025,0,14,57.0,57.0,60.0,3519 - 3520,3520,951.3265916833
0-25-003-3452.2.21:191400-44-189_C79F9340-8B4E-4B47-BA80-B07D01552980,3519,1900-01-01 19:33:00,1900-01-01 19:33:00,18,51.109506,7.012559,300025,0,18,57.0,57.0,60.0,3519 - 3520,3520,951.3265916833
0-25-003-3452.2.21:191400-44-189_C79F9340-8B4E-4B47-BA80-B07D01552980,3519,1900-01-01 19:33:00,1900-01-01 19:33:00,18,51.109506,7.012559,300025,0,35,57.0,57.0,60.0,3519 - 3520,3520,951.3265916833
0-25-003-3452.2.21:191400-44-189_C79F9340-8B4E-4B47-BA80-B07D01552980,3100,1900-01-01 19:37:00,1900-01-01 19:37:00,19,51.105468,7.015912,300025,0,13,19.0,19.0,120.0,3100 - 3519,3519,628.86952833148
0-25-003-3452.2.21:191400-44-189_C79F9340-8B4E-4B47-BA80-B07D01552980,3100,1900-01-01 19:37:00,1900-01-01 19:37:00,19,51.105468,7.015912,300025,0,17,19.0,19.0,120.0,3100 - 3519,3519,628.86952833148
0-25-003-3452.2.21:191400-44-189_C79F9340-8B4E-4B47-BA80-B07D01552980,3100,1900-01-01 19:37:00,1900-01-01 19:37:00,19,51.105468,7.015912,300025,0,34,19.0,19.0,120.0,3100 - 3519,3519,628.86952833148
0-25-003-3452.2.21:191400-44-189_C79F9340-8B4E-4B47-BA80-B07D01552980,3101,1900-01-01 19:39:00,1900-01-01 19:39:00,20,51.103249,7.012708,300025,0,12,7.0,14.0,240.0,3101 - 3100,3100,457.758881397786
0-25-003-3452.2.21:191400-44-189_C79F9340-8B4E-4B47-BA80-B07D01552980,3101,1900-01-01 19:39:00,1900-01-01 19:39:00,20,51.103249,7.012708,300025,0,16,7.0,14.0,240.0,3101 - 3100,3100,457.758881397786
0-25-003-3452.2.21:191400-44-189_C79F9340-8B4E-4B47-BA80-B07D01552980,3101,1900-01-01 19:39:00,1900-01-01 19:39:00,20,51.103249,7.012708,300025,0,16,21.0,21.0,60.0,3101 - 3433,3433,350.653452700101
0-25-003-3452.2.21:191400-44-189_C79F9340-8B4E-4B47-BA80-B07D01552980,3101,1900-01-01 19:39:00,1900-01-01 19:39:00,20,51.103249,7.012708,300025,0,33,7.0,14.0,240.0,3101 - 3100,3100,459.33126911638
0-25-003-3452.2.21:191400-44-189_C79F9340-8B4E-4B47-BA80-B07D01552980,3101,1900-01-01 19:39:00,1900-01-01 19:39:00,20,51.103249,7.012708,300025,0,33,21.0,21.0,60.0,3101 - 3433,3433,350.653452700101
0-25-003-3452.2.21:191400-44-189_C79F9340-8B4E-4B47-BA80-B07D01552980,3102,1900-01-01 19:41:00,1900-01-01 19:41:00,21,51.098043,7.005556,300025,0,11,31.0,31.0,120.0,3102 - 3101,3101,1042.10185246253
0-25-003-3452.2.21:191400-44-189_C79F9340-8B4E-4B47-BA80-B07D01552980,3102,1900-01-01 19:41:00,1900-01-01 19:41:00,21,51.098043,7.005556,300025,0,15,31.0,31.0,120.0,3102 - 3101,3101,1042.10185246253
0-25-003-3452.2.21:191400-44-189_C79F9340-8B4E-4B47-BA80-B07D01552980,3102,1900-01-01 19:41:00,1900-01-01 19:41:00,21,51.098043,7.005556,300025,0,15,31.0,31.0,120.0,3102 - 3101,3101,1045.94633512947
0-25-003-3452.2.21:191400-44-189_C79F9340-8B4E-4B47-BA80-B07D01552980,3102,1900-01-01 19:41:00,1900-01-01 19:41:00,21,51.098043,7.005556,300025,0,32,31.0,31.0,120.0,3102 - 3101,3101,1045.94633512947
0-25-003-3452.2.21:191400-44-189_C79F9340-8B4E-4B47-BA80-B07D01552980,3102,1900-01-01 19:41:00,1900-01-01 19:41:00,21,51.098043,7.005556,300025,0,32,31.0,31.0,120.0,3102 - 3101,3101,1040.80090429182
0-25-003-3452.2.21:191400-44-189_C79F9340-8B4E-4B47-BA80-B07D01552980,3103,1900-01-01 19:43:00,1900-01-01 19:43:00,22,51.093956,6.997901,300025,0,10,23.0,23.0,120.0,3103 - 3102,3102,756.011145142607
0-25-003-3452.2.21:191400-44-189_C79F9340-8B4E-4B47-BA80-B07D01552980,3103,1900-01-01 19:43:00,1900-01-01 19:43:00,22,51.093956,6.997901,300025,0,14,23.0,23.0,120.0,3103 - 3102,3102,756.011145142607
0-25-003-3452.2.21:191400-44-189_C79F9340-8B4E-4B47-BA80-B07D01552980,3103,1900-01-01 19:43:00,1900-01-01 19:43:00,22,51.093956,6.997901,300025,0,14,23.0,23.0,120.0,3103 - 3102,3102,756.011145142607
0-25-003-3452.2.21:191400-44-189_C79F9340-8B4E-4B47-BA80-B07D01552980,3103,1900-01-01 19:43:00,1900-01-01 19:43:00,22,51.093956,6.997901,300025,0,31,23.0,23.0,120.0,3103 - 3102,3102,756.011145142607
0-25-003-3452.2.21:191400-44-189_C79F9340-8B4E-4B47-BA80-B07D01552980,3103,1900-01-01 19:43:00,1900-01-01 19:43:00,22,51.093956,6.997901,300025,0,31,23.0,23.0,120.0,3103 - 3102,3102,756.011145142607
0-25-003-3452.2.21:191400-44-189_C79F9340-8B4E-4B47-BA80-B07D01552980,3428,1900-01-01 19:44:00,1900-01-01 19:44:00,23,51.091131,6.99814,300025,0,9,19.0,19.0,60.0,3428 - 3103,3103,315.954689820467
0-25-003-3452.2.21:191400-44-189_C79F9340-8B4E-4B47-BA80-B07D01552980,3428,1900-01-01 19:44:00,1900-01-01 19:44:00,23,51.091131,6.99814,300025,0,13,19.0,19.0,60.0,3428 - 3103,3103,315.954689820467
0-25-003-3452.2.21:191400-44-189_C79F9340-8B4E-4B47-BA80-B07D01552980,3428,1900-01-01 19:44:00,1900-01-01 19:44:00,23,51.091131,6.99814,300025,0,13,19.0,19.0,60.0,3428 - 3103,3103,315.954689820467
0-25-003-3452.2.21:191400-44-189_C79F9340-8B4E-4B47-BA80-B07D01552980,3428,1900-01-01 19:44:00,1900-01-01 19:44:00,23,51.091131,6.99814,300025,0,30,19.0,19.0,60.0,3428 - 3103,3103,315.954689821358
0-25-003-3452.2.21:191400-44-189_C79F9340-8B4E-4B47-BA80-B07D01552980,3428,1900-01-01 19:44:00,1900-01-01 19:44:00,23,51.091131,6.99814,300025,0,30,19.0,19.0,60.0,3428 - 3103,3103,315.954689821358
0-25-003-3452.2.21:191400-44-189_C79F9340-8B4E-4B47-BA80-B07D01552980,3427,1900-01-01 19:45:00,1900-01-01 19:45:00,24,51.084846,6.996192,300025,0,7,29.5,31.0,46.6666666666667,3427 - 9429,9429,517.232975862354
0-25-003-3452.2.21:191400-44-189_C79F9340-8B4E-4B47-BA80-B07D01552980,3427,1900-01-01 19:45:00,1900-01-01 19:45:00,24,51.084846,6.996192,300025,0,11,29.5,31.0,46.6666666666667,3427 - 9429,9429,517.232975862354
0-25-003-3452.2.21:191400-44-189_C79F9340-8B4E-4B47-BA80-B07D01552980,3427,1900-01-01 19:45:00,1900-01-01 19:45:00,24,51.084846,6.996192,300025,0,11,29.5,31.0,46.6666666666667,3427 - 9429,9429,517.232975862354
0-25-003-3452.2.21:191400-44-189_C79F9340-8B4E-4B47-BA80-B07D01552980,3427,1900-01-01 19:45:00,1900-01-01 19:45:00,24,51.084846,6.996192,300025,0,28,29.5,31.0,46.6666666666667,3427 - 9429,9429,517.232975862354
0-25-003-3452.2.21:191400-44-189_C79F9340-8B4E-4B47-BA80-B07D01552980,3427,1900-01-01 19:45:00,1900-01-01 19:45:00,24,51.084846,6.996192,300025,0,28,29.5,31.0,46.6666666666667,3427 - 9429,9429,517.232975862354
0-25-003-3452.2.21:191400-44-189_C79F9340-8B4E-4B47-BA80-B07D01552980,3426,1900-01-01 19:46:00,1900-01-01 19:46:00,25,51.081621,6.995952,300025,0,6,23.0,24.2752987344503,33.3333333333333,3426 - 3427,3427,361.78145837194
0-25-003-3452.2.21:191400-44-189_C79F9340-8B4E-4B47-BA80-B07D01552980,3426,1900-01-01 19:46:00,1900-01-01 19:46:00,25,51.081621,6.995952,300025,0,10,23.0,24.2752987344503,33.3333333333333,3426 - 3427,3427,361.78145837194
0-25-003-3452.2.21:191400-44-189_C79F9340-8B4E-4B47-BA80-B07D01552980,3426,1900-01-01 19:46:00,1900-01-01 19:46:00,25,51.081621,6.995952,300025,0,10,23.0,24.2752987344503,33.3333333333333,3426 - 3427,3427,361.78145837194
0-25-003-3452.2.21:191400-44-189_C79F9340-8B4E-4B47-BA80-B07D01552980,3426,1900-01-01 19:46:00,1900-01-01 19:46:00,25,51.081621,6.995952,300025,0,27,23.0,24.2752987344503,33.3333333333333,3426 - 3427,3427,361.78145837194
0-25-003-3452.2.21:191400-44-189_C79F9340-8B4E-4B47-BA80-B07D01552980,3426,1900-01-01 19:46:00,1900-01-01 19:46:00,25,51.081621,6.995952,300025,0,27,23.0,24.2752987344503,33.3333333333333,3426 - 3427,3427,361.78145837194
0-25-003-3452.2.21:191400-44-189_C79F9340-8B4E-4B47-BA80-B07D01552980,2637,1900-01-01 19:47:00,1900-01-01 19:47:00,26,51.079675,6.995439,300025,0,5,13.0,13.0,60.0,2637 - 3426,3426,220.24243356051
0-25-003-3452.2.21:191400-44-189_C79F9340-8B4E-4B47-BA80-B07D01552980,2637,1900-01-01 19:47:00,1900-01-01 19:47:00,26,51.079675,6.995439,300025,0,9,13.0,13.0,60.0,2637 - 3426,3426,220.24243356051
0-25-003-3452.2.21:191400-44-189_C79F9340-8B4E-4B47-BA80-B07D01552980,2637,1900-01-01 19:47:00,1900-01-01 19:47:00,26,51.079675,6.995439,300025,0,9,13.0,13.0,60.0,2637 - 3426,3426,220.24243356051
0-25-003-3452.2.21:191400-44-189_C79F9340-8B4E-4B47-BA80-B07D01552980,2637,1900-01-01 19:47:00,1900-01-01 19:47:00,26,51.079675,6.995439,300025,0,26,13.0,13.0,60.0,2637 - 3426,3426,220.24243356051
0-25-003-3452.2.21:191400-44-189_C79F9340-8B4E-4B47-BA80-B07D01552980,2637,1900-01-01 19:47:00,1900-01-01 19:47:00,26,51.079675,6.995439,300025,0,26,13.0,13.0,60.0,2637 - 3426,3426,220.24243356051
0-25-003-3452.2.21:191400-44-189_C79F9340-8B4E-4B47-BA80-B07D01552980,3066,1900-01-01 19:48:00,1900-01-01 19:48:00,27,51.075341,6.993448,300025,0,4,30.0,30.0,60.0,3066 - 2637,2637,508.040907913005
0-25-003-3452.2.21:191400-44-189_C79F9340-8B4E-4B47-BA80-B07D01552980,3066,1900-01-01 19:48:00,1900-01-01 19:48:00,27,51.075341,6.993448,300025,0,8,30.0,30.0,60.0,3066 - 2637,2637,508.040907913005
0-25-003-3452.2.21:191400-44-189_C79F9340-8B4E-4B47-BA80-B07D01552980,3066,1900-01-01 19:48:00,1900-01-01 19:48:00,27,51.075341,6.993448,300025,0,8,30.0,30.0,60.0,3066 - 2637,2637,508.040907913005
0-25-003-3452.2.21:191400-44-189_C79F9340-8B4E-4B47-BA80-B07D01552980,3066,1900-01-01 19:48:00,1900-01-01 19:48:00,27,51.075341,6.993448,300025,0,25,30.0,30.0,60.0,3066 - 2637,2637,508.040907913005
0-25-003-3452.2.21:191400-44-189_C79F9340-8B4E-4B47-BA80-B07D01552980,3066,1900-01-01 19:48:00,1900-01-01 19:48:00,27,51.075341,6.993448,300025,0,25,30.0,30.0,60.0,3066 - 2637,2637,508.040907913005
0-25-003-3452.2.21:191400-44-189_C79F9340-8B4E-4B47-BA80-B07D01552980,3064,1900-01-01 19:50:00,1900-01-01 19:50:00,28,51.069844,7.000336,300025,0,3,24.0,24.0,120.0,3064 - 3066,3066,784.708264270385
0-25-003-3452.2.21:191400-44-189_C79F9340-8B4E-4B47-BA80-B07D01552980,3064,1900-01-01 19:50:00,1900-01-01 19:50:00,28,51.069844,7.000336,300025,0,7,24.0,24.0,120.0,3064 - 3066,3066,784.708264270385
0-25-003-3452.2.21:191400-44-189_C79F9340-8B4E-4B47-BA80-B07D01552980,3064,1900-01-01 19:50:00,1900-01-01 19:50:00,28,51.069844,7.000336,300025,0,7,24.0,24.0,120.0,3064 - 3066,3066,784.708264270385
0-25-003-3452.2.21:191400-44-189_C79F9340-8B4E-4B47-BA80-B07D01552980,3064,1900-01-01 19:50:00,1900-01-01 19:50:00,28,51.069844,7.000336,300025,0,24,24.0,24.0,120.0,3064 - 3066,3066,784.708264270385
0-25-003-3452.2.21:191400-44-189_C79F9340-8B4E-4B47-BA80-B07D01552980,3064,1900-01-01 19:50:00,1900-01-01 19:50:00,28,51.069844,7.000336,300025,0,24,24.0,24.0,120.0,3064 - 3066,3066,784.708264270385
0-25-003-3452.2.21:191400-44-189_C79F9340-8B4E-4B47-BA80-B07D01552980,5221,1900-01-01 19:51:00,1900-01-01 19:51:00,29,51.067354,7.003549,300025,0,2,22.0,22.0,60.0,5221 - 3064,3064,361.477430963075
0-25-003-3452.2.21:191400-44-189_C79F9340-8B4E-4B47-BA80-B07D01552980,5221,1900-01-01 19:51:00,1900-01-01 19:51:00,29,51.067354,7.003549,300025,0,6,22.0,22.0,60.0,5221 - 3064,3064,361.477430963075
0-25-003-3452.2.21:191400-44-189_C79F9340-8B4E-4B47-BA80-B07D01552980,5221,1900-01-01 19:51:00,1900-01-01 19:51:00,29,51.067354,7.003549,300025,0,6,22.0,22.0,60.0,5221 - 3064,3064,361.477430963075
0-25-003-3452.2.21:191400-44-189_C79F9340-8B4E-4B47-BA80-B07D01552980,5221,1900-01-01 19:51:00,1900-01-01 19:51:00,29,51.067354,7.003549,300025,0,23,22.0,22.0,60.0,5221 - 3064,3064,361.477430963075
0-25-003-3452.2.21:191400-44-189_C79F9340-8B4E-4B47-BA80-B07D01552980,5221,1900-01-01 19:51:00,1900-01-01 19:51:00,29,51.067354,7.003549,300025,0,23,22.0,22.0,60.0,5221 - 3064,3064,361.477430963075
0-25-003-3452.2.21:191400-44-189_C79F9340-8B4E-4B47-BA80-B07D01552980,5219,1900-01-01 19:55:00,1900-01-01 19:55:00,30,51.066176,7.008759,300025,0,1,13.0,22.0,120.0,5219 - 5221,5221,364.926540014797
0-25-003-3452.2.21:191400-44-189_C79F9340-8B4E-4B47-BA80-B07D01552980,5219,1900-01-01 19:55:00,1900-01-01 19:55:00,30,51.066176,7.008759,300025,0,5,13.0,22.0,120.0,5219 - 5221,5221,449.75410921367
0-25-003-3452.2.21:191400-44-189_C79F9340-8B4E-4B47-BA80-B07D01552980,5219,1900-01-01 19:55:00,1900-01-01 19:55:00,30,51.066176,7.008759,300025,0,5,13.0,22.0,120.0,5219 - 5221,5221,449.75410921367
0-25-003-3452.2.21:191400-44-189_C79F9340-8B4E-4B47-BA80-B07D01552980,5219,1900-01-01 19:55:00,1900-01-01 19:55:00,30,51.066176,7.008759,300025,0,22,13.0,22.0,120.0,5219 - 5221,5221,449.75410921367
0-25-003-3452.2.21:191400-44-189_C79F9340-8B4E-4B47-BA80-B07D01552980,5219,1900-01-01 19:55:00,1900-01-01 19:55:00,30,51.066176,7.008759,300025,0,22,13.0,22.0,120.0,5219 - 5221,5221,449.75410921367
0-25-003-3452.2.21:191400-44-189_C79F9340-8B4E-4B47-BA80-B07D01552980,5222,1900-01-01 19:57:00,1900-01-01 19:57:00,31,51.063505,7.003723,300025,0,4,17.0,17.0,120.0,5222 - 5219,5219,565.06246567486
0-25-003-3452.2.21:191400-44-189_C79F9340-8B4E-4B47-BA80-B07D01552980,5222,1900-01-01 19:57:00,1900-01-01 19:57:00,31,51.063505,7.003723,300025,0,4,17.0,17.0,120.0,5222 - 5219,5219,565.06246567486
0-25-003-3452.2.21:191400-44-189_C79F9340-8B4E-4B47-BA80-B07D01552980,5222,1900-01-01 19:57:00,1900-01-01 19:57:00,31,51.063505,7.003723,300025,0,21,17.0,17.0,120.0,5222 - 5219,5219,565.06246567486
0-25-003-3452.2.21:191400-44-189_C79F9340-8B4E-4B47-BA80-B07D01552980,5222,1900-01-01 19:57:00,1900-01-01 19:57:00,31,51.063505,7.003723,300025,0,21,17.0,17.0,120.0,5222 - 5219,5219,565.06246567486
0-25-003-3452.2.21:191400-44-189_C79F9340-8B4E-4B47-BA80-B07D01552980,5224,1900-01-01 19:59:00,1900-01-01 19:59:00,32,51.058538,7.003187,300025,0,3,11.0,11.0,180.0,5224 - 5222,5222,563.563484717415
0-25-003-3452.2.21:191400-44-189_C79F9340-8B4E-4B47-BA80-B07D01552980,5224,1900-01-01 19:59:00,1900-01-01 19:59:00,32,51.058538,7.003187,300025,0,3,11.0,11.0,180.0,5224 - 5222,5222,563.563484717415
0-25-003-3452.2.21:191400-44-189_C79F9340-8B4E-4B47-BA80-B07D01552980,5224,1900-01-01 19:59:00,1900-01-01 19:59:00,32,51.058538,7.003187,300025,0,20,11.0,11.0,180.0,5224 - 5222,5222,563.563484717415
0-25-003-3452.2.21:191400-44-189_C79F9340-8B4E-4B47-BA80-B07D01552980,5224,1900-01-01 19:59:00,1900-01-01 19:59:00,32,51.058538,7.003187,300025,0,20,11.0,11.0,180.0,5224 - 5222,5222,563.563484717415
0-25-003-3452.2.21:191400-44-189_C79F9340-8B4E-4B47-BA80-B07D01552980,1289,1900-01-01 20:04:00,1900-01-01 20:04:00,33,51.033744,6.988695,300025,0,2,30.0,36.0,360.0,1289 - 5224,5224,3027.27799076256
0-25-003-3452.2.21:191400-44-189_C79F9340-8B4E-4B47-BA80-B07D01552980,1289,1900-01-01 20:04:00,1900-01-01 20:04:00,33,51.033744,6.988695,300025,0,2,30.0,36.0,360.0,1289 - 5224,5224,3027.27799076256
0-25-003-3452.2.21:191400-44-189_C79F9340-8B4E-4B47-BA80-B07D01552980,1289,1900-01-01 20:04:00,1900-01-01 20:04:00,33,51.033744,6.988695,300025,0,19,30.0,36.0,360.0,1289 - 5224,5224,3028.07596879775
0-25-003-3452.2.21:191400-44-189_C79F9340-8B4E-4B47-BA80-B07D01552980,1289,1900-01-01 20:04:00,1900-01-01 20:04:00,33,51.033744,6.988695,300025,0,19,30.0,36.0,360.0,1289 - 5224,5224,3028.26997433275
0-25-003-3452.2.21:191400-44-189_C79F9340-8B4E-4B47-BA80-B07D01552980,5228,1900-01-01 20:07:00,1900-01-01 20:07:00,34,51.031508,6.991655,300025,0,1,10.0,18.0,120.0,5228 - 1289,1289,292.906972454121
0-25-003-3452.2.21:191400-44-189_C79F9340-8B4E-4B47-BA80-B07D01552980,5228,1900-01-01 20:07:00,1900-01-01 20:07:00,34,51.031508,6.991655,300025,0,1,10.0,18.0,120.0,5228 - 1289,1289,292.906972454121
0-25-003-3452.2.21:191400-44-189_C79F9340-8B4E-4B47-BA80-B07D01552980,5228,1900-01-01 20:07:00,1900-01-01 20:07:00,34,51.031508,6.991655,300025,0,18,10.0,18.0,120.0,5228 - 1289,1289,323.554689758958
0-25-003-3452.2.21:191400-44-189_C79F9340-8B4E-4B47-BA80-B07D01552980,5228,1900-01-01 20:07:00,1900-01-01 20:07:00,34,51.031508,6.991655,300025,0,18,10.0,18.0,120.0,5228 - 1289,1289,323.554689758958
0-25-003-3452.2.21:191400-44-189_C79F9340-8B4E-4B47-BA80-B07D01552980,5229,1900-01-01 20:09:00,1900-01-01 20:09:00,35,51.027857,6.989624,300025,0,17,13.0,18.0,240.0,5229 - 5228,5228,888.567614151064
0-25-003-3452.2.21:191400-44-189_C79F9340-8B4E-4B47-BA80-B07D01552980,5229,1900-01-01 20:09:00,1900-01-01 20:09:00,35,51.027857,6.989624,300025,0,17,13.0,18.0,240.0,5229 - 5228,5228,888.567614151064
0-25-003-3452.2.21:191400-44-189_C79F9340-8B4E-4B47-BA80-B07D01552980,1541,1900-01-01 20:10:00,1900-01-01 20:10:00,36,51.018966,6.990831,300025,0,16,34.0,68.0,120.0,1541 - 5229,5229,1131.24391827697
0-25-003-3452.2.21:191400-44-189_C79F9340-8B4E-4B47-BA80-B07D01552980,1541,1900-01-01 20:10:00,1900-01-01 20:10:00,36,51.018966,6.990831,300025,0,16,34.0,68.0,120.0,1541 - 5229,5229,1131.24391827697
0-25-003-3452.2.21:191400-44-189_C79F9340-8B4E-4B47-BA80-B07D01552980,5231,1900-01-01 20:11:00,1900-01-01 20:11:00,37,51.014036,6.992322,300025,0,15,33.0,34.0,60.0,5231 - 1541,1541,558.171235952441
0-25-003-3452.2.21:191400-44-189_C79F9340-8B4E-4B47-BA80-B07D01552980,5231,1900-01-01 20:11:00,1900-01-01 20:11:00,37,51.014036,6.992322,300025,0,15,33.0,34.0,60.0,5231 - 1541,1541,558.171235952441
0-25-003-3452.2.21:191400-44-189_C79F9340-8B4E-4B47-BA80-B07D01552980,648,1900-01-01 20:13:00,1900-01-01 20:13:00,38,51.007585,6.994094,300025,0,14,38.5,44.0,75.0,648 - 5231,5231,727.393178112472
0-25-003-3452.2.21:191400-44-189_C79F9340-8B4E-4B47-BA80-B07D01552980,648,1900-01-01 20:13:00,1900-01-01 20:13:00,38,51.007585,6.994094,300025,0,14,38.5,44.0,75.0,648 - 5231,5231,727.393178112472
0-25-003-3452.2.21:191400-44-189_C79F9340-8B4E-4B47-BA80-B07D01552980,647,1900-01-01 20:15:00,1900-01-01 20:15:00,39,50.998467,6.996534,300025,0,13,31.0,31.0,120.0,647 - 648,648,1039.6259570503
0-25-003-3452.2.21:191400-44-189_C79F9340-8B4E-4B47-BA80-B07D01552980,647,1900-01-01 20:15:00,1900-01-01 20:15:00,39,50.998467,6.996534,300025,0,13,31.0,31.0,120.0,647 - 648,648,1039.6259570503
0-25-003-3452.2.21:191400-44-189_C79F9340-8B4E-4B47-BA80-B07D01552980,641,1900-01-01 20:17:00,1900-01-01 20:17:00,40,50.989246,6.998359,300025,0,12,31.0,31.0,120.0,641 - 647,647,1040.6013971421
0-25-003-3452.2.21:191400-44-189_C79F9340-8B4E-4B47-BA80-B07D01552980,641,1900-01-01 20:17:00,1900-01-01 20:17:00,40,50.989246,6.998359,300025,0,12,31.0,31.0,120.0,641 - 647,647,1040.6013971421
0-25-003-3452.2.21:191400-44-189_C79F9340-8B4E-4B47-BA80-B07D01552980,640,1900-01-01 20:18:00,1900-01-01 20:18:00,41,50.986154,6.999475,300025,0,11,26.0,26.0,60.0,640 - 641,641,432.506368255403
0-25-003-3452.2.21:191400-44-189_C79F9340-8B4E-4B47-BA80-B07D01552980,640,1900-01-01 20:18:00,1900-01-01 20:18:00,41,50.986154,6.999475,300025,0,11,26.0,26.0,60.0,640 - 641,641,432.506368255403
0-25-003-3452.2.21:191400-44-189_C79F9340-8B4E-4B47-BA80-B07D01552980,635,1900-01-01 20:21:00,1900-01-01 20:21:00,42,50.973432,7.00595,300025,0,10,30.0,30.0,180.0,635 - 640,640,1490.87484969177
0-25-003-3452.2.21:191400-44-189_C79F9340-8B4E-4B47-BA80-B07D01552980,635,1900-01-01 20:21:00,1900-01-01 20:21:00,42,50.973432,7.00595,300025,0,10,30.0,30.0,180.0,635 - 640,640,1490.87484969177
0-25-003-3452.2.21:191400-44-189_C79F9340-8B4E-4B47-BA80-B07D01552980,570,1900-01-01 20:24:00,1900-01-01 20:24:00,43,50.961797,7.004204,300025,0,9,27.0,27.0,180.0,570 - 635,635,1351.0340107357
0-25-003-3452.2.21:191400-44-189_C79F9340-8B4E-4B47-BA80-B07D01552980,570,1900-01-01 20:24:00,1900-01-01 20:24:00,43,50.961797,7.004204,300025,0,9,27.0,27.0,180.0,570 - 635,635,1351.0340107357
0-25-003-3452.2.21:191400-44-189_C79F9340-8B4E-4B47-BA80-B07D01552980,9,1900-01-01 20:44:00,1900-01-01 20:44:00,44,50.943657,6.959362,300025,0,1,27.0,28.0,180.0,9 - 1,1,1336.46989396867
0-25-003-3452.2.21:191400-44-189_C79F9340-8B4E-4B47-BA80-B07D01552980,9,1900-01-01 20:44:00,1900-01-01 20:44:00,44,50.943657,6.959362,300025,0,1,27.0,28.0,180.0,9 - 1,1,1336.46989396867
